artist,title,year,note
The Kinks,"Lola Versus Powerman and the Moneygoround, Part One",1970,Ray Davies at his most caustic. A concept album about the music business that doubles as the best pop record about being chewed up by it.
Harry Nilsson,Nilsson Schmilsson,1971,A voice that could melt steel and a sense of humor that could deflate it. 'Without You' is the floor.
The Kinks,Muswell Hillbillies,1971,"Country, music hall, and Davies's working-class London. The least Kinks-sounding record they ever made, and one of the best."
Jethro Tull,Thick as a Brick,1972,"One song, two sides, written by a fictional 8-year-old. Take it or leave it; I take it."
Joy Division,Unknown Pleasures,1979,The blueprint. Hannett's production turned a Manchester guitar band into a transmission from the void.
Joy Division,Closer,1980,"Released two months after Curtis died. Colder, more synthetic, and impossible to hear without the weight of what came next."
The Cure,Disintegration,1989,Smith's mid-life crisis as an hour of black velvet. 'Plainsong' opens it. 'Untitled' closes it. Every minute earned.
Guns N' Roses,Appetite for Destruction,1987,Greatest hard-rock debut ever made. 'Welcome to the Jungle' as a thesis statement; the rest of the record never lets up.
Guns N' Roses,G N' R Lies,1988,"Half live-faked EP, half acoustic. 'Patience' is the song that snuck onto every soft-rock station that hated them."
Guns N' Roses,Use Your Illusion I,1991,"The sprawl. 'November Rain', 'Don't Cry', 'Coma' — songs too big to fit on one record, so they got two."
Guns N' Roses,Use Your Illusion II,1991,"The grittier half. 'Civil War', 'Estranged', 'You Could Be Mine' — Axl going for legacy, and mostly getting there."
The Stone Roses,The Stone Roses,1989,Mancunian swagger meets jangle and groove. Reni's drumming alone earns it a spot.
Public Enemy,Fear of a Black Planet,1990,"The Bomb Squad's most paranoid, most layered work. 'Welcome to the Terrordome' still hits."
Alice in Chains,Facelift,1990,Before grunge had a name. 'Man in the Box' was the moment radio realized something different was coming.
Pearl Jam,Ten,1991,Big rock songs that still earn their stadium status. 'Black' is the saddest 5-minute build in the genre.
NOFX,Ribbed,1991,"Pre-fame NOFX at their snottiest. 'New Boobs' shouldn't be funny three decades later, and yet."
Tori Amos,Little Earthquakes,1992,Piano and a confession. 'Silent All These Years' is a song that doesn't let you back into the room you were in.
Nirvana,Incesticide,1992,B-sides and Peel sessions arranged into the best Nirvana record people forget to mention. 'Sliver' is here.
Faith No More,Angel Dust,1992,"The follow-up they could have phoned in, that they sabotaged on purpose instead. Patton at full unhinged."
Alice in Chains,Dirt,1992,The heaviest record of the Seattle wave. Layne and Cantrell's harmonies on top of riffs that scrape paint.
NOFX,"White Trash, Two Heebs and a Bean",1992,"Skate punk before skate punk got polite. Still funny, still fast."
Various Artists,Singles (Original Motion Picture Soundtrack),1992,"Pearl Jam, Soundgarden, Alice in Chains, Mudhoney, Smashing Pumpkins on the same tape, right before MTV made it the story. Cameron Crowe got the snapshot."
Wu-Tang Clan,Enter the Wu-Tang (36 Chambers),1993,"Nine voices, dusty kung-fu samples, and a manifesto. Rap rewired."
A Tribe Called Quest,Midnight Marauders,1993,"Tribe's most consistent, most playable record. Q-Tip and Phife at peak chemistry."
Nirvana,In Utero,1993,"Bleach's noise plus Nevermind's hooks, with Albini on the desk. The honest one."
Various Artists,Judgment Night (Original Motion Picture Soundtrack),1993,The rap-meets-rock crossover album that everyone else spent the '90s trying and failing to replicate. Helmet x House of Pain alone justifies it.
Various Artists,The Crow (Original Motion Picture Soundtrack),1994,"The Cure, NIN, Stone Temple Pilots, Pantera, Rage. The compilation that captured the exact mid-90s mood the movie needed."
Tori Amos,Under the Pink,1994,'Pretty Good Year' and 'Cornflake Girl' on the same record. The mid-period peak.
Lagwagon,Trashed,1994,Melodic skate punk with the tightest rhythm section on Fat Wreck. Cape's voice gives the cynicism a heart.
GZA,Liquid Swords,1995,The most cinematic record in the Wu canon. RZA producing at his murkiest.
Raekwon,Only Built 4 Cuban Linx...,1995,"The purple tape. Mafioso rap's blueprint, Rae and Ghost trading bars like a two-handed novel."
Blind Melon,Soup,1995,"The record Shannon Hoon didn't live long enough to defend, and the one that justifies the whole band."
Neutral Milk Hotel,On Avery Island,1996,"Aeroplane's weirder, fuzzier older sibling. The proof Mangum already had the songs before the world noticed."
Tori Amos,Boys for Pele,1996,"Recorded in a church in Ireland. The strangest, most unguarded record she's ever made."
DJ Shadow,Endtroducing.....,1996,"First album built entirely from samples. Cinematic, melancholic, and still feels like the future twenty-five years later."
Björk,Homogenic,1997,Strings and broken beats. The record that proved electronic music could be emotional architecture.
Neutral Milk Hotel,In the Aeroplane Over the Sea,1998,"Lo-fi mysticism. Anne Frank, two-headed boys, and a horn section that sounds like a parade through the afterlife."
Black Star,Mos Def & Talib Kweli Are Black Star,1998,Two of the best rappers alive sounding like they just discovered fire. Hi-Tek on the boards.
Lauryn Hill,The Miseducation of Lauryn Hill,1998,"One album. That's all she needed. Soul, hip-hop, and a writer's voice that had nobody to compare it to."
Massive Attack,Mezzanine,1998,"The dark trip-hop apex. 'Teardrop', 'Angel', 'Inertia Creeps' — pure dread you can move to."
Air,Moon Safari,1998,French lounge electronica that turned out to be more durable than anyone expected. 'La Femme d'Argent' still parts crowds.
The Flaming Lips,The Soft Bulletin,1999,"Headphones record of the decade. Strings, horns, and the most generous batch of songs Wayne Coyne ever wrote."
Wilco,Summerteeth,1999,Sugar on top of dread. Tweedy hiding the darkest lyrics he ever wrote inside the prettiest melodies he ever wrote.
Modest Mouse,The Moon & Antarctica,2000,Existential dread you can hum. Isaac Brock's best lyrics by a mile.
Radiohead,Kid A,2000,"The pivot. Guitars traded for static and dread, and somehow more emotional for it. 'How to Disappear Completely' is the floor."
The Avalanches,Since I Left You,2000,Built from thousands of samples and yet sounds like one continuous summer afternoon.
Daft Punk,Discovery,2001,"The album that taught a generation what a vocoder was for. Pure joy, on repeat."
Björk,Vespertine,2001,"Music boxes, harps, and microbeats. An intimate record played at the volume of an indoor whisper."
Jay-Z,The Blueprint,2001,"Kanye's coming-out party as a producer, Just Blaze's golden hour, and Jay sounding untouchable. Released on 9/11 — and the album still ate."
The White Stripes,White Blood Cells,2001,"The album that pulled Jack and Meg out of Detroit. Bass-less, drum-light, and somehow louder than everything else on rock radio."
Wilco,Yankee Hotel Foxtrot,2002,"The sound of a band tearing itself apart on purpose. Static, dread, and 'Jesus, Etc.'"
Interpol,Turn On the Bright Lights,2002,"Post-punk revival distilled. 'NYC' for the city you wished you'd lived in, 'PDA' for the one you did."
The Flaming Lips,Yoshimi Battles the Pink Robots,2002,Concept record about robots that ends up being about mortality. 'Do You Realize??' earns the question marks.
TV on the Radio,Young Liars,2003,The EP that announced them. 'Staring at the Sun' a cappella into doo-wop into static. Nobody else was doing it.
Yeah Yeah Yeahs,Fever to Tell,2003,Karen O at her most feral. 'Maps' is the song the rest of the decade tried to write.
Jay-Z,The Black Album,2003,"The would-be retirement record. Every producer he ever wanted, and a closing argument for his place at the top."
The White Stripes,Elephant,2003,"'Seven Nation Army' is the floor, not the ceiling. Side B is where the album actually lives."
The Postal Service,Give Up,2003,Ben Gibbard and Jimmy Tamborello mailing tracks to each other. Should've been a one-off; ended up indelible.
TV on the Radio,"Desperate Youth, Blood Thirsty Babes",2004,Before Cookie Mountain hit. The full-length that proved the EP wasn't a fluke.
Animal Collective,Sung Tongs,2004,Two acoustic guitars and a tape machine making a campfire feel haunted.
Arcade Fire,Funeral,2004,Grief made anthemic. Every chorus is a snow day with the lights cut.
Wilco,A Ghost Is Born,2004,The migraine record. 'At Least That's What You Said' opens with the longest tense pause in rock.
Madvillain,Madvillainy,2004,"Madlib's loops, DOOM's bars. The most quotable, most replayable underground rap record of its decade."
MF DOOM,MM..FOOD,2004,"Cereal samples, food bars, and DOOM at his loosest. A breakfast record disguised as a rap album."
Andrew Bird,The Mysterious Production of Eggs,2005,"Whistling, violin loops, and a vocabulary unlike anyone else writing songs."
Sufjan Stevens,Illinois,2005,Fifty states was always a bit. The Illinoise record was always the point.
Wolf Parade,Apologies to the Queen Mary,2005,"Two songwriters, two voices, and 'I'll Believe in Anything' — the best closing argument any band ever wrote."
Animal Collective,Feels,2005,The record where AnCo figured out how to write songs without losing the weirdness. 'Grass' alone.
Bloc Party,Silent Alarm,2005,"Post-punk angles, jittery drums, and the most caffeinated guitar tones of the decade. 'Like Eating Glass' as opening statement."
TV on the Radio,Return to Cookie Mountain,2006,Wolves howling through a wall of guitars. Brooklyn art-rock that earns the term.
Yeah Yeah Yeahs,Show Your Bones,2006,The least loved YYYs record and the most rewarding on repeat. 'Cheated Hearts' is the sleeper.
Menomena,Friend and Foe,2007,"Three guys, a custom-built looping program, and weirder ideas than any of their peers."
Les Savy Fav,Let's Stay Friends,2007,Tim Harrington in full preacher mode. Brooklyn post-punk with a sense of humor.
LCD Soundsystem,Sound of Silver,2007,"'All My Friends'. 'Someone Great'. 'New York, I Love You But You're Bringing Me Down.' One album, three songs that flatten you."
Akron/Family,Love Is Simple,2007,"Communal psych-folk that swerves into chant, into noise, into hymn. A record that sounds like a room full of people."
Animal Collective,Strawberry Jam,2007,"The maximalist one. 'Fireworks' and 'Peacebone' make the case for AnCo as pop band, however briefly."
Panda Bear,Person Pitch,2007,Noah Lennox stacking Beach Boys harmonies over loops until they become weather. 'Bros' is twelve minutes that feel like five.
Arcade Fire,Neon Bible,2007,"Big-room Arcade Fire — pipe organs, Springsteen via Montreal. The dark middle child between Funeral and The Suburbs."
Spoon,Ga Ga Ga Ga Ga,2007,Britt Daniel at peak economy. Nothing on the record that doesn't need to be there. 'The Underdog' is a gift.
TV on the Radio,Dear Science,2008,"Same band, sharper edges, and 'DLZ' for the days that need it."
Fleet Foxes,Fleet Foxes,2008,Harmonies stacked like cordwood. Robin Pecknold's voice sounded already old when he was 22.
Portishead,Third,2008,Eleven-year silence broken by the most paranoid record they ever made. Krautrock pulse under Beth Gibbons's ghost.
Yeah Yeah Yeahs,It's Blitz!,2009,The synth pivot worked. 'Zero' is a song that won the back half of the 2000s.
Animal Collective,Merriweather Post Pavilion,2009,"Glitchy, sample-heavy, and somehow the most accessible AnCo record. 'My Girls' justified a decade of devotion."
LCD Soundsystem,This Is Happening,2010,Murphy at his most quotable. 'All I Want' is the prettiest song he'll ever write and he knows it.
Arcade Fire,The Suburbs,2010,"Funeral's grown-up cousin. Cul-de-sacs, bored kids, and the most fully-realized record they'll ever make."
Bon Iver,Bon Iver,2011,Where the cabin-record one-trick guy proved he was a composer. Saxophone solos and town names.
Father John Misty,Fear Fun,2012,"Josh Tillman re-introducing himself as a character. Funny, slightly drunk, smarter than it lets on."
Run the Jewels,Run the Jewels 2,2014,Killer Mike and El-P at their angriest and best. Hip-hop that earned the late-career renaissance both deserved.
Father John Misty,"I Love You, Honeybear",2015,"The marriage album. Lush, sarcastic, sincere — sometimes in the same line."
Kendrick Lamar,DAMN.,2017,"The Pulitzer record. Front-to-back, back-to-front. The rare album that rewards both modes of listening."
"Tyler, the Creator",IGOR,2019,Tyler producing for himself like a different artist. A breakup record disguised as a costume change.
Black Sabbath,Vol. 4,1972,The drugs-and-strings record. 'Changes' from the band that invented metal — and the riff factory of 'Snowblind' on the same album.
Beastie Boys,Paul's Boutique,1989,"The sample-collage masterpiece. Killed commercially on release, vindicated forever after. The Dust Brothers' finest hour."
Blind Melon,Blind Melon,1992,The 'No Rain' record people remember — and the album-deep stuff they forget. 'Change' is the closer that deserved more.
Blind Melon,Nico,1996,The posthumous one. Named for Shannon Hoon's daughter. The version of 'Letters from a Porcupine' is impossible to hear straight.
Fugees,The Score,1996,"Lauryn, Wyclef, and Pras at the exact moment everything aligned. 'Killing Me Softly' is the floor — the whole record is the ceiling."
Blur,13,1999,Britpop dissolved into William Orbit textures and Damon's heartbreak. 'Tender' is a hymn; 'No Distance Left to Run' is its rebuttal.
Modest Mouse,Good News for People Who Love Bad News,2004,The crossover record. 'Float On' was the gateway; the rest of the album is the reason the gateway opened.
Modest Mouse,We Were Dead Before the Ship Even Sank,2007,"Johnny Marr joined the band, and the songs got bigger. Sea-shanty rhythms behind Isaac Brock's best dread."
Handsome Furs,Face Control,2009,Dan Boeckner and Alexei Perry making airport-bar synth-punk. The political record dressed up as a dance record.
Handsome Furs,Sound Kapital,2011,"Their farewell, recorded around tours of Beijing and Myanmar. Synths and shouting — what would have been their best record had they kept going."
Beastie Boys,Check Your Head,1992,"The instruments-back-in-our-hands record. Punk-rap-funk-hardcore in one stew, and the band most able to pull it off."
J. Cole,2014 Forest Hills Drive,2014,No features. Self-produced. The grown-up record made by an artist who knew exactly what he wanted to say.
Alice in Chains,Jar of Flies,1994,"The first EP to debut at #1. Acoustic, melancholy, and the most emotionally direct thing the band ever recorded."
Beastie Boys,Ill Communication,1994,"Funk, hardcore, rap, and 'Sabotage' as the moment a music video changed the band's career arc."
Method Man,Tical,1994,"First Wu solo. RZA's grimiest beats, Meth's voice already iconic. The album that proved the Wu strategy worked."
Nirvana,MTV Unplugged in New York,1994,Released after Cobain died. The cover of 'Where Did You Sleep Last Night' is the band's last word.
Alice in Chains,MTV Unplugged,1996,"Their last full show with Layne. The performance is fragile, beautiful, and impossible to hear without weight."
Blackalicious,Blazing Arrow,2002,Gift of Gab's tongue-twisting verses over Chief Xcel's warm soul samples. The most listenable backpack rap record of its era.
Ghostface Killah,Supreme Clientele,2000,Wu's most quotable solo record. Bars that don't always make sense and yet always make sense. RZA back on form.
Talking Heads,Remain in Light,1980,"Byrne, Eno, and a rhythm section possessed by Fela. The album that proved a new-wave band could become a polyrhythmic religion."
Dio,Holy Diver,1983,"Ronnie James Dio's solo debut. The cover, the title track, and 'Rainbow in the Dark' as a one-two-three for the heavy-metal high school years."
Dio,Sacred Heart,1985,"More fantasy, more bombast. 'Rock 'n' Roll Children' is the song you remember; the rest of the record rewards you for staying."
Pantera,Vulgar Display of Power,1992,Where groove metal finally won. Dimebag's riffs are still the textbook. Phil Anselmo's bark made everyone else sound polite.
Pantera,Far Beyond Driven,1994,"Debuted at #1 with no radio play. The angriest, most punishing record on the major-label charts that year, by a wide margin."
Talking Heads,Speaking in Tongues,1983,"Post-Eno, leaner, and the pop record nobody saw coming. 'Burning Down the House' is the floor."
Paul Simon,Graceland,1986,"Ladysmith Black Mambazo, mbaqanga rhythms, and a songwriter at the height of his curiosity. The cultural-exchange record that earned every defender."
Rage Against the Machine,Rage Against the Machine,1992,"Politics and riffs, with nothing between them. Morello's tone alone made guitar an argument again."
Nine Inch Nails,Pretty Hate Machine,1989,Reznor alone in a Cleveland studio inventing industrial pop. 'Head Like a Hole' was the warning shot.
Nine Inch Nails,Broken,1992,"The angriest record Reznor ever made, recorded while trapped in a label contract. Six tracks of pure exit-wound rage."
Tool,Opiate,1992,"The first EP. Six tracks, no patience for polish. The most punk thing they ever released."
Tool,Undertow,1993,"Before they got prog. Heaviest, most direct Tool record. 'Sober' and 'Prison Sex' as a one-two argument."
Tool,Ænima,1996,"The pivot to prog. 'Stinkfist', 'Forty Six & 2', and 'Eulogy' as a thesis statement. The record that defined the rest of their career."
Violent Femmes,Add It Up (1981-1993),1993,"Not strictly an album — a compilation that functions as one. Gano's catalogue compressed into its sharpest, most playable form."
